,,Tables_in_lims
,lims.,access_request
,lims.,appointments
,lims.,attachment
,lims.,barcode_command
,lims.,barcode_label
,lims.,barcode_label_data
,lims.,barcode_printer
,lims.,barcodeformat
,lims.,barcodeid_engine
,lims.,bio_sampletype
,lims.,bio_transaction
,lims.,bio_transaction_status
,lims.,biocollection
,lims.,biocollection_custom_field_data
,lims.,biocollectionuid_padchar
,lims.,biocollectionuid_sequence
,lims.,biocollectionuid_template
,lims.,biocollectionuid_token
,lims.,biodata
,lims.,biodata_criteria
,lims.,biodata_field
,lims.,biodata_field_group
,lims.,biodata_field_lov
,lims.,biodata_group
,lims.,biodata_group_criteria
,lims.,biodata_lov_list
,lims.,biodata_type
,lims.,biodata_unit
,lims.,biospecimen
,lims.,biospecimen_anticoagulant
,lims.,biospecimen_before_fieldchange
,lims.,biospecimen_custom_field_data
,lims.,biospecimen_grade
,lims.,biospecimen_protocol
,lims.,biospecimen_quality
,lims.,biospecimen_species
,lims.,biospecimen_status
,lims.,biospecimen_storage
,lims.,biospecimenuid_padchar
,lims.,biospecimenuid_sequence
,lims.,biospecimenuid_template
,lims.,biospecimenuid_token
,lims.,cell_status
,lims.,flag
,lims.,group
,lims.,inv_box
,lims.,inv_cell
,lims.,inv_col_row_type
,lims.,inv_freezer
,lims.,inv_rack
,lims.,inv_site
,lims.,inv_type
,lims.,listofvalues
,lims.,listofvalues_description
,lims.,note
,lims.,samplecode
,lims.,study_inv_site
,lims.,tmp_bio_transaction
,lims.,tmp_biospecimen
,lims.,tmp_biospecimen_custom_field_data
,lims.,treatment_type
,lims.,unit
